<?xml version="1.0" encoding="UTF-8"?>
<project-private xmlns="http://www.netbeans.org/ns/project-private/1">
    <editor-bookmarks xmlns="http://www.netbeans.org/ns/editor-bookmarks/2" lastBookmarkId="0"/>
    <open-files xmlns="http://www.netbeans.org/ns/projectui-open-files/2">
        <group name="SFJ2">
            <file>file:/C:/Users/user/Documents/NetBeansProjects/MultiThreading/src/multithreading/SynchronizationDemo.java</file>
            <file>file:/C:/Users/user/Documents/NetBeansProjects/MultiThreading/src/multithreading/MultiThreading.java</file>
            <file>file:/C:/Users/user/Documents/NetBeansProjects/MultiThreading/src/multithreading/VolatileDemo.java</file>
        </group>
    </open-files>
</project-private>
